3030.93,2564.0,2187.7333,1411.1265
3095.78,2465.14,2230.4222,1463.6606
2932.61,2559.94,2186.4111,1698.0172
2988.72,2479.9,2199.0333,909.7926
3032.24,2502.87,2233.3667,1326.52
2946.25,2432.84,2233.3667,1326.52
3030.27,2430.12,2230.4222,1463.6606
3058.88,2690.15,2248.9,1004.4692
2967.68,2600.47,2248.9,1004.4692
3016.11,2428.37,2248.9,1004.4692
2994.05,2548.21,2195.1222,1046.1468
2928.84,2479.4,2196.2111,1605.7578
2920.07,2507.4,2195.1222,1046.1468
3051.44,2529.27,2184.4333,877.6266
2963.97,2629.48,2224.6222,947.7739
2988.31,2546.26,2224.6222,947.7739
3028.02,2560.87,2270.2556,1258.4558
3032.73,2517.79,2270.2556,1258.4558
3040.34,2501.16,2207.3889,962.5317
2988.3,2519.05,2208.8556,1157.7224
3002.27,2497.45,2207.3889,962.5317
2884.74,2514.54,2160.3667,899.9488
3010.41,2632.8,2203.9,1116.4129
2979.74,2446.56,2257.1667,1437.9565
3067.35,2456.33,2257.1667,1437.9565
2988.99,2607.63,2223.0333,1533.9934
2972.78,2431.57,2190.4889,1059.439
2981.85,2529.11,2180.3778,1208.7411
2975.88,2489.7,2191.6667,1153.9011
3058.61,2492.36,2180.3778,1208.7411
3047.19,2524.18,2197.3111,969.891
2981.31,2566.35,2197.3111,969.891
2963.83,2457.64,2225.1777,1457.7934
3040.72,2477.35,2191.6667,1153.9011
2989.47,2445.44,2223.1667,1522.5535
2981.54,2302.46,2221.8445,1416.8211
2958.09,2542.24,2222.6778,1547.6125
3017.21,2530.67,2169.4667,1185.4449
2962.14,2545.71,2221.5778,1503.623
3017.1,2517.18,2180.3778,1208.7411
3021.26,2503.46,2180.3778,1208.7411
3000.36,2748.67,2174.8666,1039.2291
3047.78,2490.71,2166.5222,907.0746
2912.87,2446.25,2166.5222,907.0746
3076.38,2475.53,2166.5222,907.0746
3055.97,2788.4,2166.5222,907.0746
2993.59,2345.95,2169.4667,1185.4449
2946.86,2533.91,2174.8666,1039.2291
2942.31,2446.74,2172.9778,1222.6067
2993.14,2520.21,2180.6778,1230.6762
2938.41,2466.78,2166.5222,907.0746
3058.98,2484.31,2172.9778,1222.6067
2950.46,2398.44,2180.6778,1230.6762
3060.03,2809.79,2166.5222,907.0746
2983.09,2569.81,2206.5112,1244.1552
2935.94,2586.05,2164.4111,1206.6031
3004.09,2388.74,2223.8,1503.1248
3020.76,2481.28,2197.3111,969.891
3042.08,2694.31,2206.5112,1244.1552
3000.56,2541.92,2220.5445,1192.8757
2990.22,2483.66,2206.5112,1244.1552
3016.64,2492.8,2246.4889,1006.9548
2980.84,2628.76,2187.5222,1268.6598
2847.81,2461.38,2202.7111,1010.4454
2975.64,2508.28,2202.7111,1010.4454
3066.19,2702.64,2246.4889,1006.9548
2873.35,2565.8,2220.5445,1192.8757
3045.03,2315.76,2246.4889,1006.9548
3090.18,2375.49,2191.6667,1107.433
2955.85,2623.1,2191.6667,1107.433
3006.23,2424.37,2220.5445,1192.8757
2958.05,2450.25,2199.3334,1017.9399
2999.72,2492.29,2191.6667,1107.433
2918.9,2500.41,2183.4333,1582.5646
2926.07,2505.73,2191.6667,1107.433
3032.89,2500.81,2183.4333,1582.5646
2865.31,2531.75,2246.4889,1006.9548
2855.8,2537.35,2183.4333,1582.5646
2930.22,2417.85,2246.4889,1006.9548
2971.99,2502.62,2239.3,1192.7495
2940.53,2459.87,2202.7111,1010.4454
2916.41,2503.59,2246.4889,1006.9548
3047.67,2565.03,2199.3334,1017.9399
3082.45,2739.19,2199.3334,1017.9399
3088.82,2655.37,2183.4556,955.9073
3090.42,2531.98,2265.1889,1740.3297
3031.9,2414.83,2191.9,1936.7653
3029.16,2519.68,2265.1889,1740.3297
3040.63,2547.43,2174.8666,1039.2291
3039.93,2447.89,2246.4889,1006.9548
2922.94,2478.55,2193.1555,1172.6226
3046.33,2545.34,2172.3666,1752.3206
3081.07,2560.99,2180.1556,1822.5073
2992.4,2467.07,2191.6667,1107.433
3049.31,2453.82,2265.1889,1740.3297
3011.49,2537.9,2183.4556,955.9073
2913.15,2544.52,2232.5889,1717.275
3080.26,2526.82,2265.1889,1740.3297
3070.5,2439.13,2209.9222,1693.5732
2960.18,2459.62,2213.7667,1679.3498
2960.65,2436.17,2265.1889,1740.3297
3000.46,2523.08,2191.9,1936.7653
2946.86,2474.05,2220.7111,1064.8446
2831.91,2433.96,2171.9,1811.8799
2872.4,2607.75,2172.3666,1752.3206
3054.78,2479.17,2171.9,1811.8799
3086.88,2395.85,2171.9,1811.8799
2913.42,2437.69,2220.7111,1064.8446
3039.57,2583.78,2197.8445,1907.8909
2958.13,2485.57,2197.8667,1888.0388
2928.16,2523.21,2210.6111,1184.6481
2951.2,2418.83,2181.1555,988.766
3002.85,2502.05,2232.5889,1717.275
3046.34,2307.24,2178.1444,1074.5145
2985.11,2496.73,2220.7111,1064.8446
2943.58,2512.49,2171.9,1811.8799
2992.89,2481.43,2183.4556,955.9073
2962.27,2495.35,2171.9,1811.8799
3043.67,2518.21,2222.3222,1678.9669
3024.46,2468.33,2222.3333,1720.9033
3032.81,2534.74,2239.4223,1997.3782
3020.12,2416.73,2196.6555,1066.1908
2955.3,2460.08,2191.9,1936.7653
3100.44,2690.99,2239.4223,1997.3782
2976.48,2502.96,2232.5889,1717.275
3056.5,2481.09,2220.4444,1637.2946
3017.5,2634.3,2183.4556,955.9073
3003.13,2714.3,2171.9,1811.8799
2924.23,2531.34,2196.6555,1066.1908
3023.86,2432.85,2172.3666,1752.3206
3020.46,2477.86,2242.2444,1695.7049
3035.71,2567.29,2222.3222,1678.9669
2917.86,2490.86,2178.1444,1074.5145
3044.46,2497.58,2178.1444,1074.5145
2959.65,2576.84,2171.9,1811.8799
2936.3,2473.27,2181.1555,988.766
3001.41,2581.07,2224.4778,994.9032
3072.73,2587.6,2224.4778,994.9032
2989.63,2364.73,2196.6555,1066.1908
3027.1,2374.5,2222.3222,1678.9669
2950.0,2539.37,2196.6555,1066.1908
3095.5,2394.58,2196.6555,1066.1908
3049.19,2406.22,2222.3222,1678.9669
3050.47,2515.3,2242.2444,1695.7049
2957.73,2581.93,2224.4778,994.9032
2963.35,2537.4,2222.0,1630.1128
2983.27,2522.16,2219.8222,1032.5542
3095.06,2494.55,2180.1556,1822.5073
2999.18,2560.67,2222.3222,1678.9669
2939.56,2557.94,2242.2444,1695.7049
2973.86,2359.01,2196.6555,1066.1908
3052.82,2525.33,2186.2667,1088.7359
2914.47,2492.14,2181.6111,1083.3937
2959.86,2491.19,2208.0,1835.9832
2964.77,2524.44,2181.5111,1177.083
3045.7,2456.17,2184.8778,960.8486
3057.03,2468.41,2184.8778,960.8486
2969.52,2546.75,2221.9444,1551.6947
2892.37,2517.09,2184.8778,960.8486
3026.77,2474.32,2181.6111,1083.3937
2999.01,2447.29,2217.7556,1349.3451
3072.75,2581.18,2221.9444,1551.6947
3090.97,2469.6,2218.7889,1622.3514
2889.26,2529.16,2184.8778,960.8486
2964.85,2493.32,2218.7889,1622.3514
3041.56,2508.56,2184.8778,960.8486
2908.06,2465.07,2221.9444,1551.6947
2949.65,2335.06,2184.8778,960.8486
2954.44,2576.94,2221.9444,1551.6947
3018.0,2320.05,2248.4222,1418.5634
2929.2,2486.59,2234.6111,1590.1699
3071.09,2521.23,2248.4222,1418.5634
3033.95,2505.4,2248.4222,1418.5634
3075.87,2501.93,2248.4222,1418.5634
2846.07,2514.66,2234.6111,1590.1699
2916.54,2480.64,2256.1222,1226.2217
3058.89,2504.38,2221.9444,1551.6947
2997.07,2543.11,2256.1222,1226.2217
2928.03,2497.03,2221.9444,1551.6947
3028.65,2455.14,2228.0555,1816.9286
2943.34,2485.0,2234.6111,1590.1699
3022.71,2511.09,2220.7111,1064.8446
2936.64,2509.65,2221.9444,1551.6947
3035.2,2662.19,2221.9444,1551.6947
3074.69,2391.71,2221.9444,1551.6947
2938.03,2480.9,2138.8778,1046.6043
3024.74,2553.6,2171.8111,1007.2396
3109.01,2487.16,2171.8111,1007.2396
2956.64,2436.12,2139.2667,1123.345
3024.15,2521.24,2191.7889,1133.3967
2997.41,2401.53,2139.2667,1123.345
3030.17,2559.12,2220.7111,1064.8446
2967.4,2553.04,2304.2111,1857.8658
3067.34,2496.56,2177.1667,969.6185
3074.63,2538.75,2223.4,1104.9568
2992.92,2706.54,2146.8555,917.5352
2896.63,2550.51,2165.6222,953.004
3054.13,2511.14,2192.6889,1130.991
3031.39,2632.88,2280.8222,1125.7334
2981.95,2279.48,2205.2889,1630.3112
2977.98,2384.66,2212.7111,1062.6288
3072.35,2551.84,2212.7111,1062.6288
2998.59,2559.07,2184.8889,982.8147
2855.96,2539.78,2187.4444,980.2436
2962.13,2540.95,2211.3889,1763.4015
3051.32,2464.39,2205.2889,1630.3112
3104.4,2506.27,2205.4667,1035.6241
2892.99,2332.39,2216.9556,907.1863
2995.76,2526.22,2230.0333,1668.6804
3034.34,2631.47,2179.0445,2028.2208
3075.76,2491.55,2185.9333,1659.6962
3043.05,2466.36,2205.2889,1630.3112
2940.5,2441.61,2205.2889,1630.3112
3065.36,2162.87,2211.3889,1763.4015
3038.21,2521.84,2273.7556,1549.8407
2912.76,2480.54,2233.7666,1772.4931
3091.71,2548.95,2233.7666,1772.4931
2907.96,2439.31,2225.5889,1890.2199
3037.49,2463.11,2205.2889,1630.3112
2971.15,2474.95,2185.9333,1659.6962
3076.52,2502.62,2197.6444,1247.0334
2999.86,2287.9,2197.6444,1247.0334
2992.52,2470.14,2197.6444,1247.0334
3109.02,2472.13,2197.6444,1247.0334
2954.1,2489.91,2179.0445,2028.2208
3006.22,2257.81,2185.9333,1659.6962
3088.73,2378.95,2185.9333,1659.6962
2948.42,2444.55,2204.9223,1787.6757
2958.39,2478.99,2231.9556,1185.0959
3025.01,2604.26,2177.3222,1089.3655
3045.71,2490.25,2197.6444,1247.0334
3035.98,2458.15,2230.0333,1668.6804
2908.04,2494.37,2185.9333,1659.6962
2984.45,2444.09,2230.0333,1668.6804
3061.98,2344.91,2197.2667,911.2054
2900.69,2483.06,2191.1111,1564.6023
2916.02,2467.49,2185.9333,1659.6962
2959.2,2491.6,2181.1555,1010.6897
2963.75,2593.63,2204.9223,1787.6757
3107.79,2470.81,2280.8222,1125.7334
2981.08,2616.63,2177.3222,1089.3655
2985.06,2509.8,2177.3222,1089.3655
3043.17,2483.74,2195.7666,1015.3046
3056.95,2549.73,2195.7666,1015.3046
3050.29,2402.57,2185.8111,995.3928
3079.9,2463.51,2178.7333,1039.3641
3016.16,2382.03,2185.8111,995.3928
2972.78,2513.68,2197.2667,911.2054
2872.01,2570.13,2244.1111,1676.7316
3008.98,2523.55,2197.6444,1247.0334
2821.23,2549.89,2244.1111,1676.7316
3073.67,2349.48,2244.1111,1676.7316
3012.98,2498.28,2243.7778,1502.9221
3072.31,2308.6,2176.6334,1272.409
2968.02,2494.25,2197.2667,911.2054
3111.93,2460.94,2176.6334,1272.409
2957.97,2483.97,2243.7778,1502.9221
2850.33,2570.42,2177.3222,1089.3655
2927.46,2464.8,2243.7778,1502.9221
3055.21,2377.27,2177.3222,1089.3655
3045.21,2561.1,2243.7778,1502.9221
3000.39,2581.67,2197.2667,911.2054
2970.87,2610.78,2185.8111,995.3928
3087.45,2503.32,2243.7778,1502.9221
3054.45,2443.68,2243.7778,1502.9221
2988.52,2291.92,2183.5777,1764.5386
3033.29,2587.27,2244.1111,1676.7316
3076.5,2554.29,2178.7333,1039.3641
3075.78,2575.68,2243.7778,1502.9221
3038.25,2337.96,2244.1111,1676.7316
2989.91,2575.71,2244.1111,1676.7316
3061.24,2734.33,2243.7778,1502.9221
3054.18,2408.46,2178.7333,1039.3641
3054.84,2488.5,2185.8111,995.3928
3010.71,2513.05,2243.7778,1502.9221
2935.73,2573.74,2201.5777,976.4791
3018.6,2374.64,2243.7778,1502.9221
3008.84,2522.9,2177.3222,1089.3655
2969.01,2537.88,2194.6444,999.4387
2984.32,2539.73,2214.7111,1493.8781
3017.94,2629.06,2194.6444,999.4387
2988.66,2533.49,2194.6444,999.4387
3002.46,2693.16,2214.7111,1493.8781
2962.65,2535.19,2214.7111,1493.8781
3021.41,2509.19,2218.5778,1632.2734
3073.81,2786.97,2178.7333,1039.3641
2983.31,2672.94,2244.1111,1676.7316
3029.19,2459.56,2214.7111,1493.8781
3082.31,2457.92,2194.6444,999.4387
2997.92,2509.24,2201.5777,976.4791
3067.43,2467.11,2214.7111,1493.8781
2864.05,2533.75,2224.0,1510.0797
3024.14,2505.03,2185.8111,995.3928
3032.29,2356.94,2218.5778,1632.2734
2968.06,2524.25,2218.5778,1632.2734
2988.95,2611.21,2202.4333,1586.1015
3052.43,2486.48,2201.5777,976.4791
3031.44,2487.46,2195.5333,1561.7164
3020.25,2436.77,2224.0,1510.0797
3020.71,2483.52,2201.5777,976.4791
2933.79,2417.7,2195.5333,1561.7164
3067.25,2312.14,2214.7111,1493.8781
2973.52,2414.48,2214.7111,1493.8781
2999.81,2477.46,2178.7333,1039.3641
3098.79,2453.54,2214.7111,1493.8781
2995.26,2540.19,2214.7111,1493.8781
3065.02,2515.55,2238.5444,1659.1424
3091.11,2520.85,2238.5444,1659.1424
2941.71,2529.42,2196.6889,1593.122
3019.05,2461.89,2196.6889,1593.122
2885.72,2575.71,2218.5778,1632.2734
3054.7,2450.48,2201.5889,956.1617
3033.33,2512.51,2224.0,1510.0797
2926.4,2421.45,2180.9666,998.4939
3081.75,2442.26,2196.6889,1593.122
2936.59,2526.22,2196.6889,1593.122
3093.48,2413.92,2238.5444,1659.1424
2975.92,2286.25,2238.5444,1659.1424
2787.49,2584.15,2224.0,1510.0797
3039.66,2393.78,2194.2889,1631.5293
2973.53,2499.72,2177.3222,1089.3655
2954.36,2559.27,2238.5444,1659.1424
2894.04,2490.06,2207.0444,1330.6718
3042.9,2431.54,2205.2222,1427.384
2915.83,2526.29,2197.6778,1056.7817
2967.04,2273.46,2208.4444,1089.1175
3057.33,2496.08,2196.6889,1593.122
2904.17,2405.53,2204.2667,1475.7797
3038.41,2475.67,2224.0,1510.0797
3035.75,2484.62,2207.0444,1330.6718
2887.33,2551.17,2201.5777,976.4791
2991.98,2412.41,2197.2333,1435.146
3065.83,2273.8,2197.2333,1435.146
3106.85,2453.47,2197.2333,1435.146
3033.82,2531.63,2180.9666,998.4939
3059.46,2567.68,2197.6778,1056.7817
2908.11,2512.99,2218.0555,1517.4371
3111.09,2536.56,2180.9666,998.4939
3098.45,2439.82,2197.6778,1056.7817
3084.0,2453.91,2194.2889,1631.5293
2959.29,2478.62,2197.2333,1435.146
3047.54,2709.45,2238.5444,1659.1424
2990.95,2379.96,2218.5778,1632.2734
3038.81,2569.58,2198.7222,1534.2053
3028.43,2517.54,2170.5444,921.0605
2950.18,2517.34,2196.6889,1593.122
3190.45,2391.47,2208.4444,1089.1175
2893.56,2408.4,2208.4444,1089.1175
3031.79,2479.69,2186.9889,949.2201
3111.28,2503.69,2218.0555,1517.4371
3100.44,2495.4,2218.0555,1517.4371
3040.45,2226.99,2218.0555,1517.4371
2942.16,2450.05,2224.0,1510.0797
3012.18,2590.8,2197.6778,1056.7817
2973.57,2421.45,2218.5778,1632.2734
2999.4,2270.68,2198.7222,1534.2053
3018.64,2401.8,2224.0,1510.0797
3066.07,2547.84,2186.9889,949.2201
3063.36,2333.96,2186.9889,949.2201
2988.92,2460.91,2178.0778,941.9524
3089.31,2546.27,2208.4444,1089.1175
2939.94,2516.11,2186.9889,949.2201
2936.04,2574.32,2186.9889,949.2201
3206.18,2456.65,2198.7222,1534.2053
3109.46,2510.08,2197.6778,1056.7817
2998.23,2475.5,2238.5444,1659.1424
3047.65,2605.26,2196.8,1090.0084
3118.63,2478.88,2170.5444,921.0605
2993.48,2502.34,2218.0555,1517.4371
3045.73,2479.93,2197.6778,1056.7817
3067.14,2512.14,2205.2222,1427.384
2982.49,2288.05,2198.7222,1534.2053
2927.75,2462.82,2207.0444,1330.6718
3001.5,2523.6,2197.2333,1435.146
2875.43,2513.28,2197.2333,1435.146
2957.88,2560.91,2196.8,1090.0084
3047.0,2436.01,2213.7556,1113.5599
3037.81,2305.52,2186.9889,949.2201
3040.17,2375.55,2198.7222,1534.2053
3067.89,2570.93,2196.8,1090.0084
3083.97,2311.42,2205.2222,1427.384
2912.24,2555.49,2206.4222,1113.3443
3024.19,2474.41,2186.9889,949.2201
3002.85,2578.76,2197.6778,1056.7817
2989.82,2434.0,2180.0556,1031.0669
2924.07,2566.22,2213.7556,1113.5599
3013.98,2488.76,2167.5,1068.4521
2950.24,2512.97,2205.2222,1427.384
2821.63,2491.13,2198.7222,1534.2053
3245.0,2371.45,2196.8,1090.0084
3127.07,2478.97,2198.7222,1534.2053
3034.08,2735.65,2213.7556,1113.5599
2953.65,2310.29,2197.2333,1435.146
2996.53,2533.52,2202.1222,1034.5674
2951.56,2441.22,2202.1222,1034.5674
2986.34,2318.95,2213.7556,1113.5599
3105.49,2587.3,2218.5778,1632.2734
3090.09,2490.54,2213.7556,1113.5599
2986.32,2490.92,2218.0555,1517.4371
3052.97,2501.63,2218.0555,1517.4371
2917.09,2518.96,2213.7556,1113.5599
2981.36,2502.06,2178.6889,1657.3518
3017.11,2364.31,2197.2333,1435.146
2940.72,2419.83,2218.0555,1517.4371
2940.17,2514.3,2186.9889,949.2201
2933.88,2488.49,2178.6889,1657.3518
2989.85,2501.88,2197.2333,1435.146
3083.49,2536.43,2213.7556,1113.5599
2965.48,2467.94,2178.6889,1657.3518
2951.41,2577.27,2207.8111,1202.452
3015.48,2532.88,2218.0555,1517.4371
2981.47,2434.32,2180.0556,1031.0669
2946.7,2535.82,2178.6889,1657.3518
3015.67,2539.46,2204.2889,1616.0688
3099.87,2675.58,2200.7,1568.0936
3048.73,2460.11,2205.2222,1427.384
3022.8,2436.69,2204.2889,1616.0688
3018.81,2281.3,2197.2333,1435.146
2977.43,2297.3,2218.0555,1517.4371
3079.17,2405.56,2217.3777,1425.1041
2911.37,2541.21,2207.8111,1202.452
3085.57,2364.78,2178.6889,1657.3518
3053.49,2457.08,2172.5333,1351.9648
3120.68,2396.4,2177.0222,1448.8499
2956.84,2592.29,2217.3777,1425.1041
3068.98,2439.0,2172.5333,1351.9648
2999.89,2506.39,2178.6889,1657.3518
3114.68,2605.48,2172.5333,1351.9648
3266.04,2417.04,2217.3777,1425.1041
3041.33,2526.73,2213.7556,1113.5599
3071.58,2489.47,2217.3777,1425.1041
2921.48,2496.54,2213.9333,1248.6209
3059.2,2467.8,2196.0889,1277.8592
3062.54,2370.5,2177.0222,1448.8499
3067.7,2500.27,2177.0222,1448.8499
3102.59,2514.95,2196.0889,1277.8592
2948.76,2644.32,2185.3334,1780.4149
3079.77,2354.51,2207.0444,1269.6078
3114.46,2656.84,2207.0444,1269.6078
2882.17,2601.98,2213.9333,1248.6209
3014.35,2653.23,2203.0445,996.156
2901.07,2505.83,2207.0444,1269.6078
2942.41,2523.71,2207.0444,1269.6078
2882.76,2516.11,2172.5333,1351.9648
3047.76,2446.96,2187.6667,1468.8963
3133.43,2406.58,2173.4556,1433.6732
3080.01,2481.04,2172.1223,1871.2454
2967.57,2520.91,2172.1223,1871.2454
3007.38,2474.97,2170.9667,1600.3858
3012.56,2534.62,2180.7,1159.3838
2958.91,2460.19,2191.5667,1448.8757
2940.56,2490.68,2170.9667,1600.3858
3021.45,2611.98,2113.0778,1016.675
2996.66,2501.03,2235.0556,1302.6607
3072.41,2705.16,2183.3111,1588.509
3200.36,2378.77,2163.5889,1448.3869
3012.41,2481.59,2141.0667,1236.5212
2961.36,2362.09,2163.5889,1448.3869
3106.55,2673.41,2202.2889,1518.2905
3043.23,2556.22,2230.7555,1281.7862
3043.34,2473.49,2170.9667,1600.3858
3044.88,2636.69,2230.7555,1281.7862
2975.62,2465.16,2198.6889,1252.113
2997.15,2531.25,2183.1,1175.1481
2929.84,2504.5,2183.3111,1588.509
3036.93,2570.13,2230.7555,1281.7862
3100.12,2412.53,2231.4889,1275.3021
3038.93,2187.67,2219.1333,1167.9207
3008.92,2566.94,2235.0556,1302.6607
2981.5,2500.59,2173.6444,1458.7176
3046.93,2459.21,2179.0778,1820.0613
2957.63,2558.81,2230.7555,1281.7862
3023.34,2493.12,2208.2334,1517.0152
3042.78,2377.89,2173.4556,1433.6732
3091.64,2340.05,2200.7333,1602.8427
3008.02,2425.16,2230.7555,1281.7862
2993.53,2441.12,2180.7,1159.3838
3003.08,2521.76,2183.3111,1588.509
3053.95,2459.39,2183.1,1175.1481
2933.89,2485.5,2189.6555,1200.5912
2996.95,2446.92,2163.5889,1448.3869
3070.54,2406.4,2183.3111,1588.509
3085.99,2550.52,2179.0778,1820.0613
3094.34,2391.09,2207.0444,1269.6078
2973.71,2487.45,2163.5778,1434.2764
2934.01,2461.28,2168.7222,1212.104
3043.22,2484.78,2191.5667,1448.8757
3037.38,2441.16,2146.1111,1792.7115
2974.93,2473.34,2200.7333,1602.8427
2973.55,2536.48,2235.0556,1302.6607
2964.74,2480.51,2163.5889,1448.3869
3057.56,2471.01,2180.7,1159.3838
2954.41,2614.99,2208.2334,1517.0152
2997.27,2619.88,2148.6223,1288.4151
3069.02,2474.37,2151.2,1089.5951
2987.72,2550.52,2180.7,1159.3838
3057.06,2445.54,2183.3111,1588.509
2976.4,2534.91,2185.3334,1780.4149
3120.81,2349.27,2126.6555,1015.077
2984.05,2600.07,2235.0556,1302.6607
3071.29,2561.99,2219.1333,1167.9207
2965.67,2606.0,2155.6333,1070.0439
3003.82,2527.25,2163.5889,1448.3869
2970.71,2506.32,2180.8333,1435.0747
3060.07,2693.2,2219.1333,1167.9207
3108.24,2662.7,2183.3444,1111.4499
3008.5,2526.16,2173.6444,1458.7176
3034.9,2598.02,2208.2334,1517.0152
2884.65,2523.36,2208.2667,1656.221
3028.5,2480.48,2234.5222,1590.2597
2941.25,2492.81,2219.1333,1167.9207
2980.11,2516.33,2201.8222,1288.0857
3061.22,2384.19,2170.9667,1600.3858
2933.27,2473.54,2183.3111,1588.509
2792.24,2533.76,2180.7,1159.3838
2991.74,2575.39,2173.6444,1458.7176
2960.22,2502.25,2183.3111,1588.509
3078.79,2720.38,2167.2,1108.9456
2953.55,2506.19,2146.1111,1792.7115
2994.56,2505.35,2234.5222,1590.2597
2946.11,2491.9,2167.2,1108.9456
2987.43,2508.22,2124.8444,1180.282
3100.96,2547.83,2167.2,1108.9456
3047.28,2186.06,2235.0556,1302.6607
3076.81,2158.75,2208.2334,1517.0152
2951.62,2511.92,2253.5111,1397.506
2930.42,2505.17,2235.0556,1302.6607
2997.28,2357.99,2141.0667,1236.5212
3025.1,2475.18,2235.0556,1302.6607
2992.15,2538.05,2162.8445,1312.3198
3055.87,2569.67,2235.0556,1302.6607
2971.23,2626.13,2183.3444,1111.4499
3028.53,2480.42,2220.4778,1531.698
3072.67,2487.08,2202.2889,1518.2905
3048.78,2442.47,2183.3444,1111.4499
2962.79,2560.69,2155.6333,1070.0439
3085.35,2503.86,2201.8222,1288.0857
3037.82,2436.39,2167.2,1108.9456
3089.53,2695.57,2242.8555,1430.727
3106.03,2506.42,2216.4778,1242.235
3050.22,2563.58,2242.8555,1430.727
2929.6,2564.91,2216.4778,1242.235
3058.6,2568.35,2228.4444,1364.0563
2961.59,2585.06,2167.2,1108.9456
3158.88,2462.64,2216.4778,1242.235
2945.19,2456.56,2216.4778,1242.235
3071.43,2370.72,2216.4778,1242.235
3026.87,2436.85,2163.8667,1106.0618
2983.83,2413.65,2235.0556,1302.6607
2923.26,2548.34,2216.4778,1242.235
2967.53,2545.77,2155.6333,1070.0439
2996.16,2449.26,2180.7,1159.3838
3072.99,2471.62,2126.6555,1015.077
3017.28,2590.95,2124.8444,1180.282
3009.4,2436.38,2164.3,1031.4032
2979.95,2518.44,2164.3,1031.4032
2978.67,2559.32,2253.5111,1397.506
3108.5,2321.45,2162.8445,1312.3198
3064.81,2538.43,2167.2,1108.9456
3023.07,2484.55,2242.8555,1430.727
3032.98,2403.47,2180.7,1159.3838
2972.12,2571.21,2167.2,1108.9456
3041.89,2458.12,2242.8555,1430.727
3006.39,2496.55,2220.4778,1531.698
2976.75,2508.1,2242.8555,1430.727
3009.65,2515.97,2216.4778,1242.235
3052.16,2576.19,2141.0667,1236.5212
3033.91,2607.33,2164.3,1031.4032
2922.65,2560.92,2201.8222,1288.0857
2990.72,2425.46,2155.6333,1070.0439
2973.53,2532.81,2228.4444,1364.0563
2898.08,2573.36,2159.0556,1084.3779
3042.36,2493.85,2124.8444,1180.282
2977.46,2497.09,2183.3444,1111.4499
2994.64,2666.04,2159.0556,1084.3779
2984.68,2497.49,2179.0778,1820.0613
2949.82,2497.56,2173.4556,1433.6732
2968.78,2501.48,2171.8222,1010.0662
3093.75,2440.82,2160.6,1124.5821
2973.88,2449.17,2159.0556,1084.3779
2984.3,2481.2,2238.4556,1256.5186
2931.26,2527.77,2242.8555,1430.727
2978.18,2484.78,2159.0556,1084.3779
2890.67,2574.32,2159.0556,1084.3779
2971.43,2568.93,2167.2,1108.9456
3022.02,2323.34,2159.0556,1084.3779
2941.23,2505.38,2160.6,1124.5821
3042.7,2355.11,2242.8555,1430.727
3036.34,2468.91,2179.0778,1820.0613
3045.38,2513.26,2124.8444,1180.282
2907.52,2547.13,2159.0556,1084.3779
3033.29,2508.86,2124.8444,1180.282
2895.71,2573.59,2173.6444,1458.7176
2960.54,2508.09,2164.3,1031.4032
3040.1,2369.95,2201.8222,1288.0857
2974.2,2449.16,2231.4889,1275.3021
3114.92,2574.48,2200.0666,1012.6747
2937.63,2499.72,2200.0666,1012.6747
2943.9,2436.65,2173.4556,1433.6732
2985.38,2542.34,2200.0666,1012.6747
3032.07,2477.72,2172.4,1148.4101
3065.45,2698.14,2200.0666,1012.6747
2966.94,2509.22,2113.0778,1016.675
2967.54,2573.09,2160.6,1124.5821
2891.17,2480.11,2171.8556,940.9917
2992.61,2541.13,2171.8556,940.9917
2924.96,2564.29,2171.8556,940.9917
2956.18,2435.99,2171.8556,940.9917
3020.4,2690.55,2171.8556,940.9917
3059.01,2641.11,2171.8556,940.9917
2993.11,2498.91,2171.8556,940.9917
2987.75,2574.53,2183.5,1099.0027
3004.71,2329.66,2217.8667,1275.0917
2931.4,2573.21,2171.8556,940.9917
3108.56,2468.65,2201.0667,880.2317
3071.8,2517.65,2200.0666,1012.6747
2989.44,2487.66,2201.0667,880.2317
2996.89,2492.4,2217.8667,1275.0917
2990.85,2485.99,2167.9444,861.8041
3059.43,2473.55,2214.9333,1663.7024
3024.54,2420.25,2167.9444,861.8041
3069.44,2459.5,2183.5,1099.0027
2989.37,2584.75,2167.9444,861.8041
3147.74,2281.35,2171.8556,940.9917
3031.65,2565.47,2184.8889,905.1501
3007.85,2685.06,2217.8667,1275.0917
2990.76,2449.25,2172.9667,1058.2061
3017.53,2524.09,2201.0667,880.2317
2980.53,2221.1,2167.9444,861.8041
2925.34,2521.85,2184.8889,905.1501
3048.42,2691.96,2167.9444,861.8041
2998.18,2615.96,2171.3222,966.5755
3032.45,2455.32,2172.4,1148.4101
2986.5,2497.13,2236.0667,1680.1825
2939.6,2541.12,2233.1556,1434.9983
3041.23,2487.83,2183.5,1099.0027
3072.21,2610.62,2214.9333,1663.7024
3017.87,2467.4,2217.8667,1275.0917
3119.97,2373.03,2184.8889,905.1501
2743.24,2614.54,2171.3222,966.5755
3068.56,2363.52,2171.3222,966.5755
3022.04,2482.88,2214.9333,1663.7024
2954.46,2449.48,2236.0667,1680.1825
2978.62,2478.81,2236.0667,1680.1825
2938.27,2447.28,2201.0667,880.2317
2976.24,2411.42,2233.1556,1434.9983
2993.04,2504.66,2229.3333,1553.3158
3083.33,2440.21,2171.8556,940.9917
2992.39,2591.83,2233.1556,1434.9983
3049.8,2512.79,2165.8666,847.7976
3034.55,2473.39,2233.1556,1434.9983
3068.38,2515.32,2165.8666,847.7976
2961.59,2513.79,2229.3333,1553.3158
3085.78,2428.95,2229.3333,1553.3158
3020.29,2433.99,2217.8111,1744.7771
3011.84,2604.99,2167.9444,861.8041
2979.45,2546.78,2217.8111,1744.7771
3098.04,2386.33,2236.0667,1680.1825
3080.57,2428.25,2217.8667,1275.0917
2938.11,2471.74,2233.1556,1434.9983
3073.57,2419.18,2171.3222,966.5755
3057.31,2481.53,2214.9333,1663.7024
2979.86,2545.48,2229.3333,1553.3158
3113.13,2459.14,2159.0556,1084.3779
3094.95,2505.7,2201.0667,880.2317
2978.89,2523.93,2217.8111,1744.7771
3005.61,2393.56,2214.9333,1663.7024
2965.5,2366.36,2184.8889,905.1501
2933.05,2514.76,2229.3333,1553.3158
2970.25,2432.02,2233.1556,1434.9983
3005.8,2669.09,2233.1556,1434.9983
3015.13,2605.97,2233.1556,1434.9983
3110.23,2397.92,2184.8889,905.1501
3018.34,2556.62,2217.8111,1744.7771
3067.95,2461.41,2233.1556,1434.9983
3046.22,2715.5,2171.3222,966.5755
2960.65,2442.71,2159.0556,1084.3779
3165.51,2380.33,2215.3889,1779.1892
3024.24,2446.06,2165.8666,847.7976
3011.84,2451.12,2215.3889,1779.1892
2951.67,2521.41,2165.8666,847.7976
3025.81,2314.35,2179.2,875.7538
2917.17,2379.31,2215.3889,1779.1892
3122.43,2541.55,2233.1556,1434.9983
2960.04,2292.4,2215.3889,1779.1892
2991.62,2540.36,2172.2778,1085.3232
3205.08,2286.45,2184.8889,905.1501
2965.52,2539.47,2201.0667,880.2317
3046.63,2440.05,2214.9333,1663.7024
3110.14,2474.3,2242.4333,1543.8401
3005.14,2443.39,2150.5889,868.5387
3064.13,2526.22,2205.7222,906.9522
3073.93,2472.68,2227.2444,1329.8933
3010.92,2491.13,2179.2,875.7538
3004.63,2559.7,2220.4001,1389.2768
2988.5,2560.75,2214.9333,1663.7024
2965.28,2482.61,2205.7222,906.9522
2978.87,2503.09,2171.3222,966.5755
3045.88,2506.6,2229.3333,1553.3158
3005.53,2479.24,2171.3222,966.5755
3026.32,2485.81,2205.7222,906.9522
2972.22,2519.87,2215.3889,1779.1892
3043.49,2476.75,2205.7222,906.9522
3219.6,2329.44,2201.0667,880.2317
3096.81,2476.95,2205.7222,906.9522
3101.28,2464.33,2216.5111,871.2526
3070.07,2459.22,2216.5111,871.2526
3068.81,2543.62,2221.5333,1738.1057
2943.83,2445.17,2236.0667,1680.1825
2992.33,2513.22,2229.3333,1553.3158
2949.77,2522.32,2205.7222,906.9522
3003.13,2498.3,2227.2444,1329.8933
3000.68,2432.18,2198.2667,986.5558
3056.4,2502.48,2173.6222,918.8631
2964.83,2516.95,2210.9778,1572.4698
2967.98,2512.65,2210.9778,1572.4698
2994.75,2583.36,2210.9778,1572.4698
2984.8,2508.03,2250.7445,996.4071
3048.25,2523.94,2242.4333,1543.8401
3063.44,2510.76,2216.6778,1567.4646
3136.34,2442.45,2250.7445,996.4071
3048.54,2353.21,2210.9778,1572.4698
2992.37,2484.27,2210.9778,1572.4698
3037.92,2361.5,2210.9778,1572.4698
3069.73,2533.45,2218.6333,870.562
3027.92,2636.81,2189.2333,972.1465
3028.97,2415.87,2136.4111,1172.5767
2970.11,2437.82,2136.4111,1172.5767
2957.59,2441.8,2189.8778,1158.0925
3061.59,2483.44,2151.6889,1197.2643
3090.55,2540.97,2136.4111,1172.5767
3014.54,2539.59,2201.3556,1249.8445
2988.93,2512.38,2189.8778,1158.0925
2996.9,2448.07,2162.7556,1041.1557
2957.41,2469.13,2203.4556,1441.1445
2953.41,2531.05,2136.4111,1172.5767
3102.49,2502.44,2189.8778,1158.0925
3057.65,2540.35,2203.4556,1441.1445
3083.62,2728.28,2203.4556,1441.1445
3056.58,2505.62,2219.3445,1734.8435
2971.93,2557.58,2189.8778,1158.0925
3080.89,2590.45,2162.7556,1006.7789
2951.59,2474.6,2251.8222,1104.9132
3108.23,2423.57,2223.2778,1222.0834
3059.82,2727.56,2146.9111,1063.8762
2940.26,2525.29,2203.4556,1441.1445
2959.36,2504.86,2210.9778,1572.4698
3011.27,2477.47,2210.9778,1572.4698
3046.97,2517.22,2151.6889,1197.2643
3017.65,2542.64,2162.7556,1006.7789
3001.36,2491.23,2155.3111,918.2161
2981.92,2530.67,2151.6889,1197.2643
2931.7,2487.01,2155.3111,918.2161
3032.26,2455.05,2145.4555,1017.0577
2922.05,2511.37,2155.3111,918.2161
2939.4,2504.44,2210.9778,1572.4698
3097.14,2463.06,2155.3111,918.2161
2976.91,2583.6,2117.5889,894.0996
3003.96,2560.61,2155.3111,918.2161
2961.73,2368.34,2146.9111,1063.8762
3005.04,2431.66,2136.4111,1172.5767
3028.21,2529.08,2245.3667,1315.8241
3086.08,2415.75,2190.1555,1298.8207
2962.28,2452.28,2127.9555,1011.1924
3070.63,2377.97,2130.0556,874.9165
3055.13,2523.65,2181.0444,939.8456
2899.68,2492.24,2127.9555,1011.1924
2957.04,2525.16,2190.1555,1298.8207
3015.41,2474.94,2174.7555,1206.3506
3051.05,2582.08,2190.1555,1298.8207
3055.66,2625.2,2211.7222,1335.4837
3043.14,2517.25,2190.1555,1298.8207
2982.59,2466.86,2117.5889,894.0996
3068.42,2570.5,2190.1555,1298.8207
3068.45,2575.33,2130.0556,874.9165
2978.45,2504.94,2181.0444,939.8456
2928.55,2579.84,2181.0444,939.8456
3049.58,2432.09,2169.1111,1431.874
2999.24,2435.47,2175.9667,1539.5734
3018.82,2470.21,2175.9667,1539.5734
2982.16,2574.45,2181.0444,939.8456
2958.83,2488.5,2197.5222,1373.0077
2975.57,2566.79,2197.5222,1373.0077
2925.62,2501.91,2197.5222,1373.0077
3043.7,2535.71,2127.9555,1011.1924
3069.31,2448.37,2174.7555,1206.3506
3090.47,2314.52,2169.1111,1431.874
2896.84,2512.61,2190.1555,1298.8207
3064.76,2510.72,2194.5889,1614.2776
2977.39,2535.07,2194.5889,1614.2776
3010.26,2508.8,2170.0666,1364.5157
2947.39,2308.45,2218.6333,870.562
3036.64,2483.93,2194.5889,1614.2776
3045.07,2618.25,2175.9667,1539.5734
3085.93,2518.47,2204.5445,2076.673
2952.31,2453.53,2188.7222,1325.523
3047.06,2531.16,2204.5445,2076.673
2991.25,2519.26,2194.8,1456.076
3045.33,2472.23,2194.5889,1614.2776
3208.47,2294.01,2194.8,1456.076
2939.93,2595.82,2204.5445,2076.673
3042.85,2403.21,2204.5445,2076.673
3039.04,2598.94,2187.8111,2228.7377
3050.36,2846.44,2220.0445,2253.2847
3012.09,2551.08,2216.7333,1748.0885
2924.39,2470.95,2188.7222,1325.523
2988.81,2461.82,2187.8111,2228.7377
2958.04,2502.89,2134.7445,1244.2899
3087.39,2392.0,2188.6,2115.2244
3064.71,2478.51,2216.7333,1748.0885
2946.62,2470.26,2187.8111,2228.7377
3009.71,2565.53,2224.6778,1308.6479
3105.3,2435.9,2194.5889,1614.2776
3021.77,2544.1,2204.5445,2076.673
2927.54,2563.08,2188.7111,1115.4922
2951.83,2484.44,2218.9445,1491.3268
3045.05,2443.1,2170.0666,1364.5157
3073.73,2504.01,2218.8778,1188.263
3103.85,2256.12,2194.5889,1614.2776
3002.22,2462.06,2202.1222,1833.3772
2968.33,2476.58,2216.7333,1748.0885
2961.04,2506.43,2170.0666,1364.5157
3072.03,2500.68,2205.7445,1363.1048
3021.83,2419.83,2205.7445,1363.1048
3006.95,2435.34,2189.8111,1084.6502
3003.72,2537.66,2210.7778,2008.9216
2953.59,2504.86,2224.6778,1308.6479
3086.52,2360.04,2204.2333,2110.8288
3048.76,2545.68,2224.6778,1308.6479
2984.06,2619.6,2225.0222,1730.848
2947.87,2460.05,2204.2333,2110.8288
3008.28,2504.21,2202.2556,1914.0689
3084.81,2445.2,2224.6778,1308.6479
3034.5,2431.35,2220.0445,2253.2847
3001.26,2519.92,2224.6778,1308.6479
3017.39,2544.64,2246.5778,1963.8016
3018.8,2440.93,2195.6667,1333.7299
2931.05,2528.74,2205.7,1072.8058
3004.08,2514.67,2200.2333,1173.8377
2893.07,2596.63,2214.2889,988.2071
3215.87,2453.97,2212.8667,1066.9539
3004.39,2468.56,2200.9556,1126.8678
2929.93,2517.5,2218.8778,1188.263
3089.1,2414.29,2200.9556,1126.8678
2993.19,2577.23,2204.2333,2110.8288
3048.39,2489.15,2205.7445,1363.1048
2951.85,2525.0,2189.5777,1320.3197
2889.67,2254.99,2199.6334,1242.842
2938.02,2499.68,2114.6667,1549.4874
2919.71,2420.32,2134.7445,1244.2899
3081.34,2453.78,2175.3445,1147.3421
3069.72,2372.79,2127.9555,1011.1924
2982.62,2474.88,2114.6667,1549.4874
2997.94,2471.97,2214.1667,1705.2046
2904.21,2530.63,2188.6,2115.2244
2949.75,2528.5,2246.5778,1963.8016
2979.77,2493.03,2208.6556,1728.7576
3006.33,2424.13,2189.3556,2363.6412
3043.78,2522.76,2192.0,2085.6871
3019.38,2499.75,2200.9556,1126.8678
3085.1,2500.13,2199.6334,1242.842
3212.46,2522.41,2200.2333,1173.8377
2982.07,2447.06,2199.6334,1242.842
3116.38,2404.13,2212.8667,1066.9539
3123.02,2488.96,2240.8666,2048.2566
3078.6,2441.68,2213.5111,1183.4356
2921.73,2515.91,2189.3556,2363.6412
3060.41,2453.75,2196.0,1230.0293
3030.23,2568.32,2196.0,1230.0293
2998.89,2532.66,2189.3556,2363.6412
3073.25,2440.08,2240.8666,2048.2566
3078.77,2533.04,2187.4111,1942.3069
3007.47,2571.18,2187.4111,1942.3069
3019.98,2515.63,2196.0,1230.0293
3056.28,2464.4,2211.7778,1177.4224
2993.79,2510.59,2211.7778,1177.4224
3007.75,2535.14,2216.5,1111.5436
3083.14,2456.75,2216.5,1111.5436
3094.08,2664.52,2202.5556,1081.8043
3071.05,2642.15,2200.9889,1054.524
3074.96,2448.82,2315.2667,2360.1325
3001.95,2598.22,2213.2111,2070.7147
3197.43,2405.62,2171.5,1028.444
3001.6,2500.26,2171.5,1028.444
2956.77,2518.5,2187.4111,1942.3069
3013.86,2527.2,2195.6667,1333.7299
2950.92,2439.59,2213.5111,1183.4356
2948.09,2480.05,2200.9889,1054.524
3058.08,2524.6,2192.3778,1110.5453
3066.38,2473.1,2171.5,1028.444
3043.18,2545.53,2192.3778,1110.5453
2978.57,2559.8,2180.5556,1165.1351
2825.67,2286.09,2210.2778,2120.576
2993.98,2456.25,2191.1333,2197.657
2948.57,2526.19,2216.5,1111.5436
2966.39,2507.22,2171.5,1028.444
3086.05,2417.34,2216.5,1111.5436
2972.52,2454.8,2180.5556,1165.1351
2954.92,2412.76,2171.5,1028.444
2986.28,2483.71,2200.9889,1054.524
3111.64,2387.23,2206.5777,978.7832
3093.57,2492.27,2210.2778,2120.576
2980.66,2437.21,2200.9889,1054.524
2977.29,2471.5,2214.7889,1687.4606
3184.83,2400.4,2189.9667,1046.6212
2998.01,2479.77,2189.9667,1046.6212
2973.56,2536.68,2189.9667,1046.6212
3221.21,2391.2,2189.9667,1046.6212
3000.38,2593.09,2191.1333,2197.657
2990.58,2506.56,2194.3778,1265.1715
3007.0,2572.62,2213.2111,2070.7147
3091.76,2391.56,2315.2667,2360.1325
3013.66,2526.44,2185.2111,1141.6306
2982.87,2477.01,2315.2667,2360.1325
3084.82,2387.42,2171.5,1028.444
2914.86,2465.11,2210.2778,2120.576
3037.62,2431.93,2194.9556,2341.7833
3097.63,2461.58,2194.9556,2341.7833
3084.23,2433.67,2194.9556,2341.7833
2919.84,2484.9,2213.2111,2070.7147
3154.13,2368.12,2189.9667,1046.6212
3054.81,2430.6,2060.66,1410.3599
2913.4,2496.01,2227.2444,1129.8739
3150.13,2531.81,2211.4334,2130.9862
3059.09,2555.69,2060.66,1410.3599
3076.81,2521.25,2195.5,1027.5153
3015.77,2440.94,2194.3778,1265.1715
2958.22,2467.5,2227.2444,1129.8739
2945.9,2539.58,2227.2444,1129.8739
3087.24,2470.28,2060.66,1410.3599
2964.71,2495.7,2202.3556,1020.9264
2964.0,2475.5,2227.2444,1129.8739
2980.29,2508.52,2060.66,1410.3599
3048.93,2451.82,2197.3222,1586.9476
3001.53,2540.07,2060.66,1410.3599
3077.04,2469.1,2060.66,1410.3599
3062.47,2442.49,2168.7333,999.5929
3071.15,2501.0,2228.7222,2941.8341
3075.67,2516.47,2213.9111,1973.969
2971.86,2528.73,2204.5,1768.1986
2892.86,2538.74,2197.3222,1586.9476
2996.69,2461.17,2211.4334,2130.9862
2999.04,2438.56,2184.7222,1009.0221
3037.98,2370.44,2168.7333,999.5929
3024.67,2620.96,2206.1444,1876.9899
3034.43,2586.86,2197.3222,1586.9476
3044.39,2526.85,2211.4334,2130.9862
3040.48,2512.03,2206.1444,1876.9899
3082.05,2447.43,2210.2778,2120.576
3101.48,2577.44,2168.7333,999.5929
2947.91,2456.68,2195.5,1027.5153
2928.24,2524.91,2227.2444,1129.8739
3074.24,2426.86,2213.9111,1973.969
2941.85,2462.75,2172.3111,1202.5347
2945.05,2469.59,2204.5,1768.1986
3066.18,2539.01,2180.5556,1165.1351
3087.64,2403.24,2197.3222,1586.9476
3043.12,2473.67,2180.5556,1165.1351
2971.54,2457.64,2180.5556,1165.1351
2931.17,2467.4,2206.1444,1876.9899
3055.54,2508.88,2168.7333,999.5929
2949.99,2498.67,2204.1555,1276.2565
2927.94,2481.52,2206.5777,978.7832
3041.48,2494.58,2213.9111,1973.969
3188.9,2445.41,2213.9111,1973.969
3083.31,2377.31,2172.3111,1202.5347
3075.1,2614.51,2168.7333,999.5929
3012.68,2420.35,2172.3111,1202.5347
2981.7,2415.79,2201.8666,1185.4396
3000.77,2428.2,2201.8666,1185.4396
3058.91,2498.77,2060.66,1410.3599
2999.96,2510.24,2206.1444,1876.9899
3079.44,2395.39,2209.0889,1459.4739
3234.24,2347.02,2202.3556,1854.7633
2994.15,2522.16,2211.6,2122.258
3043.23,2411.35,2172.3111,1202.5347
2940.53,2517.42,2206.1444,1876.9899
3040.06,2520.63,2201.8666,1185.4396
2966.26,2524.57,2213.9111,1973.969
3086.92,2547.79,2215.5111,2039.3196
2901.62,2569.45,2223.9,1745.3724
3053.64,2351.94,2206.1444,1876.9899
2938.84,2453.25,2188.5444,1251.2688
3045.11,2444.87,2215.1778,2192.1867
3033.11,2435.14,2172.3111,1202.5347
3022.6,2533.92,2184.7222,1009.0221
2976.58,2495.16,2215.5111,2039.3196
2917.47,2481.56,2247.3666,1039.741
3071.03,2483.66,2215.5111,2039.3196
2945.22,2570.44,2194.9556,2341.7833
3072.86,2434.6,2206.1444,1876.9899
3075.12,2476.8,2189.3556,2363.6412
3004.57,2460.59,2166.2111,894.8612
3055.47,2423.38,2226.3111,2252.1538
2965.5,2500.25,2206.1444,1876.9899
2957.7,2509.62,2226.3111,2252.1538
2992.4,2590.8,2223.9,1745.3724
2933.15,2497.76,2218.6223,1416.6631
3099.58,2397.99,2153.9778,1192.6994
2990.68,2449.84,2172.3111,1202.5347
3061.73,2463.72,2153.9778,1192.6994
3053.34,2353.23,2211.6,2122.258
2972.6,2622.6,2169.8334,1301.9348
3083.8,2494.57,2201.8666,1185.4396
2994.92,2516.35,2146.7778,3715.0417
3026.09,2553.9,2215.5111,2039.3196
2994.06,2548.91,2247.3666,1039.741
2978.33,2405.53,2203.4445,1915.7558
3044.47,2361.71,2192.5556,1908.553
2975.13,2557.37,2194.9555,1108.2246
3014.07,2554.21,2226.0667,2073.6381
3064.09,2488.15,2231.6111,2005.8966
3070.16,2561.21,2247.3666,1039.741
3017.86,2584.79,2169.8334,1301.9348
3073.48,2467.18,2200.2,1121.1875
3027.61,2430.03,2219.7667,2086.471
2950.97,2533.95,2249.2556,2065.0624
3093.12,2500.9,2219.7667,2086.471
2988.76,2497.58,2153.9778,1192.6994
2990.69,2428.85,2249.2556,2065.0624
2978.77,2441.17,2254.7111,1981.2999
3036.99,2448.38,2194.9555,1108.2246
3006.75,2517.09,2254.7111,1981.2999
2960.63,2570.46,2206.1444,1876.9899
3021.61,2440.29,2227.2222,2043.5876
2960.56,2465.42,2213.9111,1973.969
2978.15,2506.0,2153.9778,1192.6994
3053.48,2674.54,2231.6111,2005.8966
3031.22,2538.56,2211.5222,1079.7336
2935.34,2551.27,2276.4556,2148.5397
2972.34,2465.62,2231.6111,2005.8966
3051.68,2505.27,2219.7667,2086.471
3056.49,2488.9,2192.5556,1908.553
3034.13,2481.64,2219.7667,2086.471
3090.72,2408.28,2226.0667,2073.6381
3012.45,2422.48,2208.5222,1838.7054
2990.29,2522.35,2200.2,1121.1875
2997.67,2446.47,2147.1111,1081.8758
3040.28,2577.44,2233.6334,1962.0026
2995.73,2515.83,2231.6111,2005.8966
2908.22,2481.32,2168.7333,999.5929
3005.31,2409.49,2200.2,1121.1875
3005.52,2444.92,2227.2222,2043.5876
3208.56,2398.66,2147.1111,1081.8758
3063.64,2519.77,2231.6111,2005.8966
3150.47,2621.33,2231.6111,2005.8966
3244.74,2422.0,2208.5222,1838.7054
2940.74,2596.71,2200.2,1121.1875
2981.49,2536.82,2147.1111,1081.8758
3026.53,2558.28,2147.1111,1081.8758
3054.95,2531.78,2178.5889,1135.3544
3060.97,2579.88,2203.4445,1915.7558
2996.61,2496.09,2178.4667,993.1907
2994.22,2541.27,2222.0111,1229.4964
2945.66,2572.15,2185.1,1201.0491
3160.57,2569.69,2244.9778,2208.4483
3180.09,2327.29,2200.2,1121.1875
3069.3,2501.13,2200.2,1121.1875
3136.15,2504.96,2178.4667,993.1907
2988.21,2490.26,2219.7667,2086.471
3068.67,2517.04,2258.2778,2073.0764
3225.61,2493.13,2266.8333,2040.1937
2936.51,2483.29,2266.8333,2040.1937
3170.24,2485.64,2186.9,936.4327
3039.4,2473.48,2178.4667,993.1907
3078.2,2573.39,2187.6667,991.7358
3010.3,2421.7,2249.2556,2065.0624
3016.34,2538.44,2266.8333,2040.1937
2911.84,2507.04,2176.4667,1024.0477
2888.58,2481.37,2200.2,1121.1875
3043.77,2588.52,2219.7667,2086.471
2888.9,2553.54,2187.6667,991.7358
3059.68,2463.23,2227.9778,3619.7397
3009.94,2524.62,2200.2,1121.1875
2966.24,2540.03,2169.9444,1095.3519
3186.16,2316.01,2169.9444,1095.3519
3162.14,2266.53,2169.9444,1095.3519
3018.33,2438.58,2169.9444,1095.3519
3104.27,2448.68,2169.9444,1095.3519
3062.78,2491.31,2266.8333,2040.1937
3070.78,2592.56,2222.0111,1229.4964
3072.44,2458.09,2179.1111,1305.8262
3160.54,2304.83,2233.6334,1962.0026
2880.58,2489.76,2256.6,2365.4787
3099.37,2450.29,2178.5889,1135.3544
2998.44,2509.54,2249.2556,2065.0624
3065.12,2627.29,2249.2556,2065.0624
3088.41,2443.66,2249.2556,2065.0624
3018.57,2500.01,2137.6111,950.572
3034.01,2545.83,2256.6,2365.4787
2991.47,2493.2,2276.4556,2148.5397
3052.93,2563.53,2260.7333,1969.7867
2885.8,2607.01,2231.9555,1943.0435
3151.8,2571.06,2244.9778,2208.4483
3010.83,2501.26,2158.7,902.9779
3135.88,2578.76,2227.9778,3619.7397
2916.93,2424.52,2231.9555,1943.0435
2910.99,2533.39,2186.9,936.4327
3182.35,2520.4,2187.7888,1350.3395
3046.14,2475.59,2231.9555,1943.0435
2983.56,2595.74,2206.1444,1876.9899
3052.22,2496.49,2219.7667,2086.471
3059.62,2376.27,2266.8333,2040.1937
3002.82,2450.49,2269.2556,2023.4334
3038.68,2512.1,2182.6222,1209.5092
2935.99,2577.58,2276.4556,2148.5397
3030.88,2398.4,2211.4334,2130.9862
3033.32,2562.2,2221.9778,2434.5273
3180.23,2517.21,2147.1111,1081.8758
3038.74,2432.83,2222.0111,1229.4964
3230.2,2476.1,2276.4556,2148.5397
3041.09,2630.42,2193.3555,1087.7379
3078.17,2450.31,2260.7333,1969.7867
2995.26,2447.22,2185.1,1201.0491
2939.59,2567.48,2165.0333,926.8103
2938.9,2532.4,2221.9778,2434.5273
3217.96,2485.8,2137.6111,950.572
3056.65,2427.2,2266.8333,2040.1937
3013.15,2573.37,2222.0111,1229.4964
3074.58,2452.15,2221.9778,2434.5273
2895.09,2552.96,2260.7333,1969.7867
2939.8,2605.97,2231.6111,2005.8966
3052.44,2628.68,2231.6111,2005.8966
2952.57,2552.65,2243.8556,2209.0871
3031.01,2431.12,2168.7,895.5849
3037.2,2456.06,2178.5889,1135.3544
2882.22,2518.89,2254.8667,2347.9092
3063.69,2382.18,2244.5,1830.2771
2996.48,2495.58,2158.7,902.9779
2983.51,2522.77,2244.5,1830.2771
3232.64,2512.14,2165.0333,926.8103
3054.52,2499.04,2165.0333,926.8103
3035.18,2438.11,2185.1,1201.0491
2965.73,2539.5,2228.9445,1502.7821
3111.43,2528.73,2260.7333,1969.7867
3005.05,2510.26,2168.7,895.5849
3171.54,2435.85,2168.7,895.5849
2990.36,2563.28,2209.9555,2325.1727
3023.37,2574.38,2179.1111,1305.8262
3254.32,2397.74,2175.1222,1004.5029
3026.07,2449.84,2170.7444,1128.0791
2932.1,2365.17,2228.9445,1502.7821
3035.89,2412.64,2243.8556,2209.0871
3098.02,2401.5,2244.5,1830.2771
2982.89,2558.88,2182.0222,939.3851
3094.57,2492.72,2188.5111,940.2228
3023.95,2462.09,2175.1222,1004.5029
3065.48,2539.61,2175.1222,1004.5029
3020.29,2452.1,2241.1778,1521.1987
3010.75,2523.21,2175.1222,1004.5029
3070.94,2502.42,2170.7444,1128.0791
3003.05,2508.94,2228.9445,1502.7821
2829.84,2595.7,2168.7,895.5849
3169.93,2618.12,2183.0556,1257.1118
3044.34,2585.92,2241.1778,1521.1987
3025.07,2391.87,2182.6222,1209.5092
3195.57,2464.45,2215.0222,1548.9419
2939.73,2546.74,2175.2556,1022.166
3097.21,2418.41,2213.3444,1731.1527
2960.58,2453.34,2175.2556,1022.166
2923.36,2503.52,2186.9,936.4327
2953.29,2496.32,2215.0222,1548.9419
3093.46,2479.17,2221.3667,2490.6947
2997.33,2472.6,2221.5667,1593.3485
3093.16,2631.92,2260.2222,1602.2369
2958.48,2611.65,2188.5111,940.2228
3299.4,2490.63,2226.5444,1299.0694
2904.26,2500.85,2231.9555,1943.0435
3049.97,2441.12,2263.3222,1383.8334
2935.84,2549.21,2241.1778,1521.1987
3045.88,2603.92,2243.8556,2209.0871
3200.74,2534.16,2244.9778,2208.4483
3216.05,2257.95,2228.9445,1502.7821
3105.06,2266.0,2241.1778,1521.1987
2890.83,2474.9,2172.1111,999.5716
2973.08,2514.52,2222.0111,1229.4964
2952.23,2485.73,2260.2222,1602.2369
3036.32,2449.59,2232.0778,1606.3548
2942.64,2567.33,2231.9555,1943.0435
3050.71,2512.44,2170.7444,1128.0791
3075.32,2491.07,2185.1,1201.0491
3030.56,2530.99,2183.0556,1257.1118
2972.06,2491.01,2218.7778,2080.6085
3095.02,2501.26,2188.5111,940.2228
2943.49,2462.85,2260.2222,1602.2369
3002.15,2486.94,2218.7778,2080.6085
3051.88,2501.91,2239.7222,1604.7488
2979.97,2454.38,2227.9778,3619.7397
3024.75,2587.37,2269.2556,2023.4334
3025.09,2548.76,2209.9555,2325.1727
3217.18,2572.85,2178.5889,1135.3544
3093.05,2522.03,2170.7444,1128.0791
3021.25,2473.65,2221.3667,2490.6947
3037.63,2524.13,2194.9555,1108.2246
3070.43,2446.38,2255.5222,1763.0739
3201.05,2233.29,2172.8111,969.3436
2924.32,2629.96,2172.8111,969.3436
3051.02,2565.73,2165.5333,994.3737
3031.85,2439.42,2172.8111,969.3436
3001.83,2545.77,2246.0666,1477.0365
2952.88,2521.93,2243.8556,2209.0871
2973.99,2574.34,2226.4667,1591.2235
2965.67,2553.64,2172.8111,969.3436
3075.05,2572.48,2173.4889,1145.797
2975.8,2427.36,2191.8445,1093.0818
3071.13,2487.12,2199.6556,1140.3983
2957.77,2555.41,2199.6556,1140.3983
3057.45,2457.42,2173.4889,1145.797
2908.28,2502.09,2198.8556,1031.1917
2979.32,2493.34,2226.4667,1591.2235
3045.98,2544.85,2253.3444,1873.8678
3151.98,2563.75,2175.2556,1022.166
3071.18,2489.86,2195.3,1151.8233
2958.46,2523.78,2171.8556,1156.6018
3196.21,2413.39,2255.5222,1763.0739
3005.64,2522.4,2173.4889,1145.797
3016.93,2547.2,2173.4889,1145.797
3013.73,2567.76,2172.8111,969.3436
3060.0,2571.41,2199.6556,1140.3983
2937.77,2532.3,2198.8556,1031.1917
2976.56,2506.21,2255.5222,1763.0739
2871.62,2530.11,2175.2556,1022.166
3181.59,2512.77,2171.8556,1156.6018
3028.5,2486.53,2236.1111,1546.5931
3011.82,2446.49,2164.3666,958.7313
3022.33,2357.09,2221.3667,2490.6947
2929.54,2501.54,2173.2778,1116.295
3118.54,2519.92,2201.6333,1554.3362
2916.18,2514.38,2167.0889,1253.214
2995.33,2405.19,2199.6556,1140.3983
3185.69,2537.68,2173.2778,1116.295
2971.64,2525.84,2236.1111,1546.5931
2958.99,2459.56,2191.8445,1093.0818
3028.08,2525.56,2173.2778,1116.295
2988.41,2598.77,2173.2778,1116.295
2970.86,2510.19,2236.1111,1546.5931
2914.04,2487.1,2238.1444,1580.6951
2889.78,2434.42,2211.4,1511.7842
3133.75,2673.38,2173.2778,1116.295
3190.78,2424.11,2191.2111,1437.5003
2953.63,2384.04,2191.2111,1437.5003
3182.87,2467.44,2162.1333,998.9095
2982.67,2541.55,2173.4889,1145.797
2983.73,2459.87,2162.1333,998.9095
3110.08,2507.57,2208.9778,1285.2144
3028.4,2485.82,2173.4889,1145.797
2987.39,2548.79,2173.2778,1116.295
3225.54,2500.38,2211.4,1511.7842
3033.78,2412.91,2226.4667,1591.2235
3036.15,2477.25,2208.9778,1285.2144
3062.36,2396.64,2173.2778,1116.295
3024.55,2423.98,2255.5222,1763.0739
2831.18,2579.49,2200.1222,1478.2288
3043.08,2484.43,2209.8,1175.5508
3021.37,2523.94,2209.1,1244.9641
3040.17,2582.12,2209.8,1175.5508
2999.28,2517.11,2209.1,1244.9641
3092.74,2524.88,2209.8,1175.5508
3083.67,2465.32,2191.8445,1093.0818
2983.17,2488.94,2208.9778,1285.2144
3057.69,2464.86,2164.2667,711.0258
2961.37,2497.33,2203.1667,1312.9527
2927.71,2525.39,2199.6556,1140.3983
2865.0,2538.76,2197.2001,1710.278
3050.96,2576.98,2206.7999,1415.2378
2999.19,2429.47,2200.1222,1478.2288
3040.48,2486.23,2191.6445,1215.849
3007.39,2504.01,2209.8,1175.5508
3018.78,2520.88,2202.4556,1199.9759
2939.94,2485.47,2203.1667,1312.9527
2971.13,2493.56,2202.4556,1199.9759
2889.7,2583.05,2202.4556,1199.9759
3202.9,2551.06,2203.1667,1312.9527
3154.54,2450.89,2203.1667,1312.9527
3020.7,2563.19,2164.2667,711.0258
3089.26,2414.63,2209.8,1175.5508
2951.06,2503.18,2228.4778,1721.1108
3006.75,2415.79,2206.7999,1415.2378
3054.01,2537.39,2209.1,1244.9641
2982.27,2449.21,2164.2667,711.0258
2851.68,2503.48,2162.1333,998.9095
2870.13,2563.64,2209.1,1244.9641
3054.34,2473.14,2162.1333,998.9095
2848.46,2588.74,2164.3666,958.7313
3014.42,2440.56,2224.1889,997.7953
3011.77,2462.34,2211.4,1511.7842
2941.26,2532.78,2209.1,1244.9641
3045.07,2414.43,2203.1667,1312.9527
3282.87,2419.55,2189.6778,1295.2883
3014.85,2453.45,2189.6778,1295.2883
2918.56,2568.55,2189.6778,1295.2883
2908.11,2535.93,2208.9,934.7558
2986.79,2527.32,2189.6778,1295.2883
3339.93,2839.46,2189.6778,1295.2883
3038.53,2474.55,2205.2555,1412.7131
2942.21,2459.02,2210.8556,1665.0062
2974.65,2545.4,2210.8556,1665.0062
2992.34,2512.63,2236.1111,1546.5931
3212.7,2472.92,2210.8556,1665.0062
2912.24,2438.17,2203.1667,1312.9527
2990.66,2535.43,2213.2889,1346.8352
2907.65,2516.34,2208.9,934.7558
2965.41,2577.39,2210.8556,1665.0062
3023.56,2555.88,2205.2555,1412.7131
3224.1,2410.53,2208.9778,1285.2144
3193.53,2587.86,2162.1333,998.9095
3033.52,2461.08,2203.1667,1312.9527
3188.42,2565.93,2208.9,934.7558
3177.96,2369.84,2162.1333,998.9095
3266.55,2425.3,2211.4,1511.7842
2996.01,2541.13,2205.2555,1412.7131
3001.56,2506.62,2223.0444,1194.5986
3045.48,2408.85,2223.0444,1194.5986
2971.75,2566.3,2206.4,982.5452
2983.98,2744.54,2212.3,1807.5841
3039.64,2529.79,2223.0444,1194.5986
2908.47,2551.78,2223.0444,1194.5986
2915.54,2496.52,2210.8556,1665.0062
2997.45,2555.01,2206.4,982.5452
2990.85,2472.74,2223.0444,1194.5986
3029.98,2532.34,2206.4,982.5452
3033.51,2556.35,2207.9555,1283.4368
3034.5,2406.11,2183.5889,1108.6491
3058.46,2467.73,2228.4778,1721.1108
2964.69,2474.97,2212.3,1807.5841
2909.43,2534.49,2223.0444,1194.5986
3014.42,2442.51,2212.3,1807.5841
2997.84,2449.85,2223.0444,1194.5986
2873.83,2540.17,2223.0444,1194.5986
3001.74,2446.55,2207.9555,1283.4368
3057.49,2584.52,2207.9555,1283.4368
2910.77,2529.9,2212.3,1807.5841
2985.31,2584.24,2209.6667,1586.6088
3020.62,2483.2,2206.4,982.5452
3019.44,2494.33,2231.0555,1303.5386
3185.63,2386.26,2209.6667,1586.6088
3029.94,2517.44,2206.4,982.5452
3117.3,2527.68,2212.3,1807.5841
3084.17,2451.85,2231.0555,1303.5386
3005.9,2534.68,2231.0555,1303.5386
3024.48,2538.13,2207.9555,1283.4368
2981.72,2580.44,2207.9555,1283.4368
3001.9,2465.51,2223.0444,1194.5986
3016.46,2559.42,2167.0889,1253.214
3163.86,2470.6,2211.4,1511.7842
2988.39,2493.72,2206.4,982.5452
3013.32,2538.52,2231.0555,1303.5386
2886.03,2499.46,2231.0555,1303.5386
2916.12,2806.91,2231.0555,1303.5386
3103.67,2424.95,2209.4667,1556.393
3222.84,2508.03,2207.9555,1283.4368
2979.93,2525.74,2206.9667,1314.6277
2881.1,2493.03,2209.6667,1586.6088
2945.78,2457.48,2209.4667,1556.393
2996.28,2581.64,2212.3,1807.5841
3062.34,2594.52,2209.4667,1556.393
3028.38,2494.43,2209.6667,1586.6088
3017.35,2580.25,2223.0444,1194.5986
3013.79,2480.71,2206.4,982.5452
3043.32,2494.82,2206.4,982.5452
3093.31,2456.82,2207.9555,1283.4368
2862.69,2593.67,2206.9667,1314.6277
3097.89,2583.01,2218.7333,1190.9639
2875.39,2499.15,2216.8333,1468.5974
3060.16,2465.71,2207.1444,1109.3369
2975.87,2514.44,2206.4,982.5452
2955.82,2541.6,2231.0555,1303.5386
2994.64,2484.71,2200.2111,1048.3108
3053.36,2538.38,2192.1889,1435.9611
2871.59,2556.95,2217.0,1436.8313
3001.71,2504.2,2210.7333,1368.706
3042.43,2442.6,2217.0,1436.8313
3001.81,2424.39,2217.0,1436.8313
2915.71,2560.38,2196.1111,1472.64
3056.37,2477.75,2200.2111,1048.3108
3015.36,2427.14,2217.5778,1283.3701
2981.04,2475.9,2215.8111,1389.3065
2984.41,2550.88,2192.1889,1435.9611
2852.18,2573.94,2216.8333,1468.5974
2864.77,2521.49,2192.1889,1435.9611
3052.98,2515.51,2172.8111,969.3436
2870.76,2583.56,2192.1889,1435.9611
3014.77,2493.11,2210.7333,1368.706
3027.72,2430.7,2192.1889,1435.9611
2893.19,2498.09,2200.2111,1048.3108
3006.5,2516.64,2217.5778,1283.3701
3094.77,2454.33,2215.8111,1389.3065
2985.78,2460.97,2200.2111,1048.3108
3171.42,2634.43,2217.0,1436.8313
3068.47,2489.07,2200.2111,1048.3108
3012.98,2403.89,2215.8111,1389.3065
3060.55,2420.03,2217.0,1436.8313
3025.46,2516.06,2195.9778,1388.2869
2973.39,2528.67,2195.9778,1388.2869
3014.16,2384.1,2211.0667,1107.1227
3037.71,2441.77,2150.0556,1215.2183
2999.11,2419.25,2217.0,1436.8313
2991.63,2599.93,2150.0556,1215.2183
2958.3,2574.7,2200.2111,1048.3108
2998.88,2493.21,2195.9778,1388.2869
2975.74,2517.35,2162.5556,1041.0369
2939.57,2564.93,2205.5,1287.3538
3095.53,2434.79,2211.0667,1107.1227
3073.26,2470.5,2150.0556,1215.2183
3077.47,2387.73,2180.8889,1084.7221
3169.0,2265.6,2187.9889,1096.379
2923.19,2516.4,2180.8889,1084.7221
3003.43,2448.34,2205.5,1287.3538
2953.63,2500.05,2195.9778,1388.2869
3034.74,2458.9,2192.1889,1435.9611
3038.57,2380.39,2205.5,1287.3538
2902.88,2259.49,2205.5,1287.3538
3001.45,2481.72,2162.5556,1041.0369
2975.72,2585.72,2150.0556,1215.2183
3356.35,2815.31,2217.0,1436.8313
3053.48,2524.95,2215.8111,1389.3065
2816.81,2557.2,2195.9778,1388.2869
3100.96,2507.02,2205.5,1287.3538
2951.84,2477.13,2192.1889,1435.9611
3004.07,2458.88,2180.8889,1084.7221
2974.97,2479.73,2195.9778,1388.2869
2987.8,2489.53,2216.8333,1468.5974
2955.33,2521.87,2187.9889,1096.379
3173.18,2428.64,2209.4667,1556.393
2990.57,2534.66,2162.5556,1041.0369
3219.75,2373.31,2239.4111,1080.4985
2962.45,2496.67,2281.5667,1161.3004
2949.12,2553.24,2176.8,1461.4374
3214.14,2445.56,2239.4111,1080.4985
2976.92,2510.09,2187.9889,1096.379
3059.44,2423.75,2239.4111,1080.4985
2995.84,2504.48,2167.6888,1096.0264
2913.84,2393.97,2218.8111,1021.2003
3022.41,2507.66,2239.4111,1080.4985
3026.86,2497.62,2306.1,0.0
3048.58,2531.02,2218.8111,1021.2003
2928.89,2504.81,2236.1111,1546.5931
3051.1,2509.14,2195.1,1526.444
2982.03,2507.74,2195.1,1526.444
3088.81,2590.62,2207.1,1298.4309
2969.65,2449.49,2184.4222,1017.9147
2963.26,2530.97,2199.3,1106.9703
2968.78,2451.53,2207.1,1298.4309
3045.87,2493.72,2168.5111,1171.6442
2926.38,2383.76,2207.1,1298.4309
3033.46,2424.39,2204.6667,1078.786
3064.53,2349.85,2182.5555,1261.0898
2959.51,2538.41,2195.1,1526.444
3068.72,2472.41,2195.1,1526.444
3000.24,2477.37,2207.1,1298.4309
3284.82,2417.92,2201.2889,1015.437
2938.51,2515.15,2207.1,1298.4309
3126.61,2426.76,2204.2889,2637.9989
3016.68,2482.88,2204.6667,1078.786
3025.04,2590.88,2182.4111,3355.2007
2983.64,2542.56,2182.4111,3355.2007
3036.24,2548.46,2204.6667,1078.786
2990.46,2507.01,2204.6667,1078.786
2911.22,2556.64,2204.2889,2637.9989
2984.93,2432.38,2177.4333,2945.8855
2987.19,2512.75,2191.5,1147.9162
2970.42,2494.39,2191.5,1147.9162
3190.97,2480.56,2181.1889,1338.8895
2977.92,2538.37,2192.7556,867.3027
3042.12,2444.67,2195.4444,2914.1792
3070.74,2499.35,2181.1889,1338.8895
3002.54,2549.85,2182.5555,1261.0898
3068.64,2498.02,2192.7556,867.3027
2983.24,2459.97,2187.9889,1096.379
3073.57,2528.59,2217.4111,1032.2836
2962.43,2543.1,2201.2889,1015.437
2918.48,2505.29,2204.6667,1078.786
2924.54,2451.31,2190.7666,3530.2362
3107.42,2404.67,2177.4333,2945.8855
3033.22,2546.24,2187.3444,2882.8558
2989.59,2506.0,2204.2889,2637.9989
2921.78,2483.77,2177.4333,2945.8855
2905.07,2493.47,2192.7556,867.3027
3026.67,2529.82,2192.7889,1268.5852
2883.88,2515.46,2177.4333,2945.8855
2996.65,2512.02,2191.3556,1111.4764
2992.07,2354.5,2191.3556,1111.4764
2931.11,2485.99,2208.5889,1116.3316
2966.2,2588.36,2192.7889,1268.5852
2984.99,2501.05,2190.7666,3530.2362
3031.93,2580.67,2205.5,1287.3538
3067.02,2608.21,2190.7666,3530.2362
2949.9,2447.26,2264.7,1211.1291
3012.34,2416.09,2192.7889,1268.5852
3018.7,2430.37,2192.7889,1268.5852
2935.39,2575.41,2179.7333,3085.3781
3273.46,2276.93,2223.5333,1352.1869
2903.34,2585.48,2196.1111,1472.64
2998.06,2465.43,2223.5333,1352.1869
2943.76,2481.99,2190.7666,3530.2362
3015.71,2531.5,2204.6667,1078.786
2930.66,2538.33,2187.3444,2882.8558
3142.21,2389.91,2223.5333,1352.1869
2977.74,2611.5,2192.7889,1268.5852
3042.45,2530.96,2191.3556,1111.4764
3051.2,2401.59,2190.7666,3530.2362
3028.34,2499.72,2179.7333,3085.3781
3068.78,2452.52,2217.4111,1032.2836
3072.29,2354.24,2177.0333,1183.7287
2959.86,2437.76,2192.7889,1268.5852
3169.64,2563.95,2167.4222,2837.8788
3011.32,2417.43,2184.9889,1124.2096
2969.29,2558.56,2155.8556,812.1294
3028.64,2532.71,2192.7889,1268.5852
3059.59,2465.54,2191.3556,1111.4764
3006.22,2525.2,2192.7889,1268.5852
3128.11,2367.16,2223.5333,1352.1869
2908.94,2560.99,2187.3444,2882.8558
2996.04,2555.92,2190.7666,3530.2362
3246.31,2499.79,2216.8111,1190.4067
2965.57,2487.91,2210.3556,910.7177
3109.18,2447.97,2210.3556,910.7177
3108.98,2537.73,2210.3556,910.7177
3100.19,2490.6,2212.8445,1068.5644
3093.24,2488.18,2212.8445,1068.5644
3008.77,2542.36,2167.4222,2837.8788
3027.01,2464.98,2212.6334,1081.5662
3183.63,2498.0,2195.4444,2914.1792
3072.2,2406.47,2195.4444,2914.1792
2958.43,2489.06,2192.7556,867.3027
2939.35,2521.98,2195.1,1526.444
3020.79,2500.19,2210.3556,910.7177
3031.78,2528.55,2182.5555,1261.0898
2902.96,2515.03,2181.1889,1338.8895
3025.21,2503.3,2179.7333,3085.3781
3072.1,2534.87,2177.4333,2945.8855
3012.3,2466.84,2217.4111,1032.2836
3076.33,2456.13,2217.4111,1032.2836
2770.4,2549.42,2204.2889,2637.9989
2951.14,2326.59,2212.6334,1081.5662
2899.41,2464.36,2179.7333,3085.3781
3052.31,2522.55,2198.5667,1124.6595
2978.81,2379.78,2206.3,1110.4967
2894.92,2532.01,2177.0333,1183.7287
2944.92,2450.76,2195.4444,2914.1792
